Sample Size,Duration (Sec)
10000,0.002319
20000,0.003915
30000,0.007702
40000,0.006564
50000,0.006878
60000,0.011402
70000,0.013265
80000,0.011992
90000,0.012052
100000,0.012157
110000,0.020356
120000,0.025686
130000,0.025698
140000,0.024350
150000,0.032749
160000,0.031413
170000,0.030213
180000,0.024443
190000,0.027123
200000,0.027482
210000,0.033628
220000,0.049095
230000,0.042156
240000,0.048765
250000,0.052613
260000,0.055442
270000,0.050467
280000,0.056978
290000,0.058529
300000,0.058875
